{"fps":24.41480294128324,"frameMs":41.89999999999827,"frameMsP95":50.200000000000244,"drawCalls":957,"triangles":19001944,"frame":170,"counters":{"terrain.maxH":1857,"veg.trees":180108,"veg.under":466744,"veg.extras":24795,"veg.stones":451237,"terrain.tiles":379,"veg.grass":88251,"veg.g0":17869,"veg.g1":28479,"veg.g2":41903,"veg.debris":12155,"veg.hero":44,"veg.r1":243,"veg.r2":1334,"veg.imp":4815,"veg.underDrawn":488,"veg.extraDrawn":999,"veg.cast":56027,"veg.tris":19544477},"gpuPasses":{"render":118.42355199999994,"compute":1.4417920000000002}}