{"fps":22.074982210258067,"frameMs":49.99999999999716,"frameMsP95":50.89999999999861,"drawCalls":977,"triangles":18219596,"frame":160,"counters":{"terrain.maxH":1857,"veg.trees":180108,"veg.under":466744,"veg.extras":24795,"veg.stones":451237,"terrain.tiles":289,"veg.grass":318617,"veg.g0":22060,"veg.g1":82155,"veg.g2":214402,"veg.debris":12035,"veg.hero":16,"veg.r1":246,"veg.r2":902,"veg.imp":13810,"veg.underDrawn":668,"veg.extraDrawn":603,"veg.cast":143614,"veg.tris":14744588},"gpuPasses":{"render":151.12601600000005,"compute":1.7694720000000002}}