{"fps":28.099785204220648,"frameMs":31.699999999997175,"frameMsP95":49.40000000000211,"drawCalls":957,"triangles":18667960,"frame":158,"counters":{"terrain.maxH":1857,"veg.trees":180108,"veg.under":466744,"veg.extras":24795,"veg.stones":451237,"terrain.tiles":322,"veg.grass":0,"veg.g0":0,"veg.g1":0,"veg.g2":0,"veg.debris":0,"veg.hero":11,"veg.r1":28,"veg.r2":1254,"veg.imp":5448,"veg.underDrawn":0,"veg.extraDrawn":836,"veg.tris":6785453},"gpuPasses":{"render":74.18675199999998,"compute":1.6384}}